{"cameraMode":{"drawMode":0,"name":"Shaded","section":"Shading Mode"},"sceneLighting":true,"audioPlay":false,"sceneViewState":{"m_AlwaysRefresh":false,"showFog":true,"showSkybox":true,"showFlares":true,"showImageEffects":true,"showParticleSystems":true,"showVisualEffectGraphs":true,"m_FxEnabled":true},"in2DMode":false,"pivot":{"x":-2.4629034996032717,"y":3.4685380458831789,"z":-15.685359001159668},"rotation":{"x":-0.006384267937391996,"y":-0.993182361125946,"z":-0.09385039657354355,"w":0.0676853209733963},"size":3.0289721488952638,"orthographic":false}