{"cameraMode":{"drawMode":0,"name":"Shaded","section":"Shading Mode"},"sceneLighting":true,"audioPlay":false,"sceneViewState":{"m_AlwaysRefresh":false,"showFog":true,"showSkybox":true,"showFlares":true,"showImageEffects":true,"showParticleSystems":true,"showVisualEffectGraphs":true,"m_FxEnabled":true},"in2DMode":false,"pivot":{"x":428.07977294921877,"y":227.10667419433595,"z":-1150.67333984375},"rotation":{"x":0.048719730228185657,"y":-0.13531847298145295,"z":-0.0066311112605035309,"w":-0.9895421266555786},"size":8.7098388671875,"orthographic":false}